{"herd":[{"age-last-shaven":9.5,"name":"Betty-3","age":9.629999999999997},{"age-last-shaven":9.5,"name":"Betty-3","age":9.629999999999997},{"age-last-shaven":9.5,"name":"Betty-3","age":9.629999999999997}]}